fold,model,n_train,n_validation,purge_gap_ticks,validation_stop10_rate,roc_auc,pr_auc,brier,log_loss
1,penalized_logistic,1072,300,10,0.41333333333333333,0.3758706011730205,0.33095122058450854,0.26732990756271857,0.735254708110921
1,shallow_hgb,1072,300,10,0.41333333333333333,0.5087747434017595,0.4137887433179,0.2610249173434858,0.7239950886162145
2,penalized_logistic,1372,300,10,0.44333333333333336,0.38444914681914366,0.4087877831674469,0.2827532375517967,0.7741742760635659
2,shallow_hgb,1372,300,10,0.44333333333333336,0.3682184503174103,0.3622720534087951,0.3157504640714079,0.8958317597615915
3,penalized_logistic,1672,300,10,0.3,0.5574074074074074,0.347208468738258,0.21040132011873544,0.6112327136580761
3,shallow_hgb,1672,300,10,0.3,0.5123544973544973,0.402181465991409,0.21572259490221982,0.6316535688038687
4,penalized_logistic,1972,300,10,0.43333333333333335,0.438868778280543,0.39688326314205313,0.2627397183852002,0.7224891575780032
4,shallow_hgb,1972,300,10,0.43333333333333335,0.45441176470588235,0.4292192412541126,0.26850312028191875,0.7397333883911912
5,penalized_logistic,2272,300,10,0.35,0.37621489621489623,0.27940561687551374,0.24195353431154554,0.6790233832070978
5,shallow_hgb,2272,300,10,0.35,0.40771672771672773,0.2916443243320367,0.24594266067452267,0.6921254062803371
