cohortIndex,candidateDigit,candidateFreq25,entropy10,forwardGap,STOP10,tail15
5,1,0.08,2.446439344671016,7,0,0
7,8,0.08,2.1709505944546685,1,0,0
14,1,0.08,2.5219280948873624,2,0,0
15,8,0.08,2.4464393446710155,2,0,0
16,7,0.04,2.3709505944546687,4,0,0
23,3,0.08,2.0464393446710156,7,0,0
28,3,0.04,2.3219280948873626,8,0,0
29,2,0.08,2.446439344671016,3,0,0
34,9,0.08,2.3709505944546687,2,0,0
56,9,0.08,2.321928094887362,7,0,0
63,6,0.08,2.446439344671015,4,0,0
69,5,0.08,2.3709505944546687,6,0,0
77,0,0.08,2.2464393446710154,5,0,0
78,4,0.08,2.3709505944546687,7,0,0
85,5,0.08,2.121928094887362,13,1,0
87,3,0.08,2.4464393446710155,5,0,0
88,9,0.08,2.1219280948873624,10,0,0
